orderId,exchange,symbol,type,price,quantity,routingTime,executionTime
ORD-1001,NSE,RELIANCE,BUY,2550,15,4.2,5.8
ORD-1002,BSE,TCS,SELL,3420,10,3.5,8.2
ORD-1003,NSE,INFY,BUY,1450,20,5.1,6.4
ORD-1004,NSE,HDFCBANK,BUY,1620,12,3.2,4.5
ORD-1005,BSE,ICICIBANK,SELL,920,50,4.8,12.5
ORD-1006,NSE,SBIN,BUY,580,100,5.2,6.1
ORD-1007,BSE,WIPRO,SELL,410,15,4.1,10.2
ORD-1008,NSE,AXISBANK,BUY,940,25,3.3,5.1
ORD-1009,NSE,KOTAKBANK,BUY,1850,12,6.1,8.4
ORD-1010,BSE,LT,SELL,2300,8,4.2,11.5
ORD-1011,NSE,ITC,BUY,440,200,3.1,4.2
ORD-1012,NSE,HINDUNILVR,BUY,2650,6,5.4,7.1
ORD-1013,BSE,ASIANPAINT,SELL,3100,4,7.2,15.8
ORD-1014,NSE,M&M,BUY,1450,10,4.1,6.2
ORD-1015,BSE,BHARTIARTL,SELL,870,30,5.3,12.1
ORD-1016,NSE,TITAN,BUY,3050,5,6.1,9.4
ORD-1017,NSE,BAJFINANCE,BUY,7200,2,4.3,5.1
ORD-1018,BSE,SUNPHARMA,SELL,1050,18,3.2,9.4
ORD-1019,NSE,ADANIPORTS,BUY,820,40,5.1,7.2
ORD-1020,NSE,ULTRACEMCO,BUY,8300,1,6.2,8.4
ORD-1021,BSE,POWERGRID,SELL,250,150,4.1,12.1
ORD-1022,NSE,JSWSTEEL,BUY,780,22,5.2,7.1
ORD-1023,BSE,GRASIM,SELL,1820,10,6.1,14.5
ORD-1024,NSE,ONGC,BUY,175,500,3.3,5.1
ORD-1025,NSE,TATAMOTORS,BUY,610,80,5.1,7.2
ORD-1026,BSE,HCLTECH,SELL,1150,15,4.2,10.1
ORD-1027,NSE,NTPC,BUY,210,300,3.1,4.5
ORD-1028,NSE,COALINDIA,BUY,230,250,5.4,12.2
ORD-1029,BSE,BAJAJFINSV,SELL,1550,5,4.1,6.1
ORD-1030,NSE,MARUTI,BUY,9500,2,6.3,10.8
ORD-1031,BSE,NESTLEIND,SELL,22000,1,8.1,20.2
ORD-1032,NSE,TECHM,BUY,1250,20,4.2,5.4
ORD-1033,NSE,HINDALCO,BUY,480,100,5.1,8.1
ORD-1034,BSE,TATASTEEL,SELL,120,500,3.3,11.2
ORD-1035,NSE,SBILIFE,BUY,1350,15,4.2,6.1
ORD-1036,NSE,ADANIENT,BUY,2450,10,6.1,15.1
ORD-1037,BSE,CIPLA,SELL,1050,30,5.2,12.4
ORD-1038,NSE,DRREDDY,BUY,5400,5,4.1,6.2
ORD-1039,NSE,GRASIM,BUY,1950,12,5.3,8.1
ORD-1040,BSE,EICHERMOT,SELL,3450,8,6.2,14.2
ORD-1041,NSE,BRITANNIA,BUY,4850,5,4.1,5.2
ORD-1042,BSE,APOLLOHOSP,SELL,5100,6,7.1,18.1
ORD-1043,NSE,COALINDIA,BUY,235,120,3.2,4.1
ORD-1044,NSE,UPL,BUY,580,200,5.4,14.5
ORD-1045,BSE,DIVISLAB,SELL,3700,10,4.3,6.2
ORD-1046,NSE,BPCL,BUY,360,50,3.1,4.1
ORD-1047,BSE,HEROMOTOCO,SELL,3050,12,6.3,15.1
ORD-1048,NSE,SHREECEM,BUY,24500,1,5.5,8.1
ORD-1049,NSE,INDUSINDBK,BUY,1450,20,4.2,6.1
ORD-1050,BSE,BAJAJ-AUTO,SELL,4800,10,3.2,11.2
ORD-1051,NSE,SUNPHARMA,BUY,1150,25,5.1,6.2
ORD-1052,NSE,HDFCLIFE,BUY,650,40,4.3,5.1
ORD-1053,BSE,JSWSTEEL,SELL,810,100,6.1,14.2
ORD-1054,NSE,TATACONSUM,BUY,850,30,5.2,7.1
ORD-1055,BSE,LT,SELL,2400,15,4.1,9.8
ORD-1056,NSE,AXISBANK,BUY,970,50,3.3,4.5
ORD-1057,NSE,WIPRO,BUY,430,120,5.1,8.1
ORD-1058,BSE,ADANIPORTS,SELL,850,60,6.2,15.2
ORD-1059,NSE,ITC,BUY,455,500,4.1,5.3
ORD-1060,NSE,REL-2,BUY,2580,10,3.2,4.8
ORD-1061,NSE,TCS-2,BUY,3480,5,5.1,9.1
ORD-1062,BSE,INFY-2,SELL,1480,15,6.2,15.1
ORD-1063,NSE,HDFC-2,BUY,1650,20,4.1,5.2
ORD-1064,NSE,ICICI-2,BUY,950,40,5.3,12.2
ORD-1065,BSE,SBI-2,SELL,610,100,3.2,6.1
ORD-1066,NSE,WIPRO-2,BUY,440,200,4.1,10.2
ORD-1067,NSE,AXIS-2,BUY,980,50,5.2,7.1
ORD-1068,BSE,KOTAK-2,SELL,1880,12,6.3,14.5
ORD-1069,NSE,LT-2,BUY,2450,10,4.1,9.2
ORD-1070,NSE,ITC-2,BUY,460,300,3.2,4.5
ORD-1071,BSE,HUL-2,SELL,2700,8,5.1,7.2
ORD-1072,NSE,AP-2,BUY,3150,5,6.2,18.1
ORD-1073,NSE,MM-2,BUY,1480,25,4.1,6.2
ORD-1074,BSE,BHARTI-2,SELL,890,50,5.3,12.1
ORD-1075,NSE,TITAN-2,BUY,3100,10,6.4,9.2
ORD-1076,NSE,BAJAJ-2,BUY,7300,3,4.1,5.1
ORD-1077,BSE,SUN-2,SELL,1080,40,3.2,9.1
ORD-1078,NSE,ADANI-2,BUY,850,100,5.1,7.2
ORD-1079,NSE,ULTRA-2,BUY,8400,2,6.2,8.4
ORD-1080,BSE,POWER-2,SELL,260,200,4.1,12.1
ORD-1081,NSE,JSW-2,BUY,800,50,5.2,7.1
ORD-1082,NSE,GRASIM-2,BUY,1850,20,6.1,14.2
ORD-1083,BSE,ONGC-2,SELL,185,1000,3.3,5.1
ORD-1084,NSE,TATA-2,BUY,630,150,5.1,7.2
ORD-1085,NSE,RELIANCE,BUY,2550,15,4.2,5.8
ORD-1086,BSE,TCS,SELL,3420,10,3.5,8.2
ORD-1087,NSE,INFY,BUY,1450,20,5.1,6.4
ORD-1088,NSE,HDFCBANK,BUY,1620,12,3.2,4.5
ORD-1089,BSE,ICICIBANK,SELL,920,50,4.8,12.5
ORD-1090,NSE,SBIN,BUY,580,100,5.2,6.1
ORD-1091,BSE,WIPRO,SELL,410,15,4.1,10.2
ORD-1092,NSE,AXISBANK,BUY,940,25,3.3,5.1
ORD-1093,NSE,KOTAKBANK,BUY,1850,12,6.1,8.4
ORD-1094,BSE,LT,SELL,2300,8,4.2,11.5
ORD-1095,NSE,ITC,BUY,440,200,3.1,4.2
ORD-1096,NSE,HINDUNILVR,BUY,2650,6,5.4,7.1
ORD-1097,BSE,ASIANPAINT,SELL,3100,4,7.2,15.8
ORD-1098,NSE,M&M,BUY,1450,10,4.1,6.2
ORD-1099,BSE,BHARTIARTL,SELL,870,30,5.3,12.1
ORD-1100,NSE,TITAN,BUY,3050,5,6.1,9.4
ORD-1101,NSE,RELIANCE,BUY,2550,15,4.2,5.8
ORD-1102,BSE,TCS,SELL,3420,10,3.5,8.2
ORD-1103,NSE,INFY,BUY,1450,20,5.1,6.4
ORD-1104,NSE,HDFCBANK,BUY,1620,12,3.2,4.5
ORD-1105,BSE,ICICIBANK,SELL,920,50,4.8,12.5
ORD-1106,NSE,SBIN,BUY,580,100,5.2,6.1
ORD-1107,BSE,WIPRO,SELL,410,15,4.1,10.2
ORD-1108,NSE,AXISBANK,BUY,940,25,3.3,5.1
ORD-1110,BSE,LT,SELL,2300,8,4.2,11.5
ORD-1111,NSE,ITC,BUY,440,200,3.1,4.2
ORD-1112,NSE,HINDUNILVR,BUY,2650,6,5.4,7.1
ORD-1113,BSE,ASIANPAINT,SELL,3100,4,7.2,15.8
ORD-1114,NSE,M&M,BUY,1450,10,4.1,6.2
ORD-1115,BSE,BHARTIARTL,SELL,870,30,5.3,12.1
ORD-1116,NSE,TITAN,BUY,3050,5,6.1,9.4
ORD-1117,NSE,BAJFINANCE,BUY,7200,2,4.3,5.1
ORD-1118,BSE,SUNPHARMA,SELL,1050,18,3.2,9.4
ORD-1119,NSE,ADANIPORTS,BUY,820,40,5.1,7.2
ORD-1120,NSE,ULTRACEMCO,BUY,8300,1,6.2,8.4
ORD-1121,BSE,POWERGRID,SELL,250,150,4.1,12.1
ORD-1122,NSE,JSWSTEEL,BUY,780,22,5.2,7.1
ORD-1123,BSE,GRASIM,SELL,1820,10,6.1,14.5
ORD-1124,NSE,ONGC,BUY,175,500,3.3,5.1
ORD-1125,NSE,TATAMOTORS,BUY,610,80,5.1,7.2
ORD-1126,BSE,HCLTECH,SELL,1150,15,4.2,10.1
ORD-1127,NSE,NTPC,BUY,210,300,3.1,4.5
ORD-1128,NSE,COALINDIA,BUY,230,250,5.4,12.2
ORD-1129,BSE,BAJAJFINSV,SELL,1550,5,4.1,6.1
ORD-1130,NSE,MARUTI,BUY,9500,2,6.3,10.8
ORD-1131,BSE,NESTLEIND,SELL,22000,1,8.1,20.2
ORD-1132,NSE,TECHM,BUY,1250,20,4.2,5.4
ORD-1133,NSE,HINDALCO,BUY,480,100,5.1,8.1
ORD-1134,BSE,TATASTEEL,SELL,120,500,3.3,11.2
ORD-1135,NSE,SBILIFE,BUY,1350,15,4.2,6.1
ORD-1136,NSE,ADANIENT,BUY,2450,10,6.1,15.1
ORD-1137,BSE,CIPLA,SELL,1050,30,5.2,12.4
ORD-1138,NSE,DRREDDY,BUY,5400,5,4.1,6.2
ORD-1139,NSE,GRASIM,BUY,1950,12,5.3,8.1
ORD-1140,BSE,EICHERMOT,SELL,3450,8,6.2,14.2
ORD-1141,NSE,BRITANNIA,BUY,4850,5,4.1,5.2
ORD-1142,BSE,APOLLOHOSP,SELL,5100,6,7.1,18.1
ORD-1143,NSE,COALINDIA,BUY,235,120,3.2,4.1
ORD-1144,NSE,UPL,BUY,580,200,5.4,14.5
ORD-1145,BSE,DIVISLAB,SELL,3700,10,4.3,6.2
ORD-1146,NSE,BPCL,BUY,360,50,3.1,4.1
ORD-1147,BSE,HEROMOTOCO,SELL,3050,12,6.3,15.1
ORD-1148,NSE,SHREECEM,BUY,24500,1,5.5,8.1
ORD-1149,NSE,INDUSINDBK,BUY,1450,20,4.2,6.1
ORD-1150,BSE,BAJAJ-AUTO,SELL,4800,10,3.2,11.2
ORD-1151,NSE,HDFCLIFE,BUY,650,40,4.3,5.1
ORD-1152,BSE,JSWSTEEL,SELL,810,100,6.1,14.2
ORD-1153,NSE,TATACONSUM,BUY,850,30,5.2,7.1
ORD-1154,BSE,LT,SELL,2400,15,4.1,9.8
ORD-1155,NSE,AXISBANK,BUY,970,50,3.3,4.5
ORD-1156,NSE,WIPRO,BUY,430,120,5.1,8.1
ORD-1157,BSE,ADANIPORTS,SELL,850,60,6.2,15.2
ORD-1158,NSE,ITC,BUY,455,500,4.1,5.3
ORD-1159,NSE,REL-2,BUY,2580,10,3.2,4.8
ORD-1160,NSE,TCS-2,BUY,3480,5,5.1,9.1
ORD-1161,BSE,INFY-2,SELL,1480,15,6.2,15.1
ORD-1162,NSE,HDFC-2,BUY,1650,20,4.1,5.2
ORD-1163,NSE,ICICI-2,BUY,950,40,5.3,12.2
ORD-1164,BSE,SBI-2,SELL,610,100,3.2,6.1
ORD-1165,NSE,WIPRO-2,BUY,440,200,4.1,10.2
ORD-1166,NSE,AXIS-2,BUY,980,50,5.2,7.1
ORD-1167,BSE,KOTAK-2,SELL,1880,12,6.3,14.5
ORD-1168,NSE,LT-2,BUY,2450,10,4.1,9.2
ORD-1169,NSE,ITC-2,BUY,460,300,3.2,4.5
ORD-1170,BSE,HUL-2,SELL,2700,8,5.1,7.2
ORD-1171,NSE,AP-2,BUY,3150,5,6.2,18.1
ORD-1172,NSE,MM-2,BUY,1480,25,4.1,6.2
ORD-1173,BSE,BHARTI-2,SELL,890,50,5.3,12.1
ORD-1174,NSE,TITAN-2,BUY,3100,10,6.4,9.2
ORD-1175,NSE,BAJAJ-2,BUY,7300,3,4.1,5.1
ORD-1176,BSE,SUN-2,SELL,1080,40,3.2,9.1
ORD-1177,NSE,ADANI-2,BUY,850,100,5.1,7.2
ORD-1178,NSE,ULTRA-2,BUY,8400,2,6.2,8.4
ORD-1179,BSE,POWER-2,SELL,260,200,4.1,12.1
ORD-1180,NSE,JSW-2,BUY,800,50,5.2,7.1
ORD-1181,NSE,GRASIM-2,BUY,1850,20,6.1,14.2
ORD-1182,BSE,ONGC-2,SELL,185,1000,3.3,5.1
ORD-1183,NSE,TATA-2,BUY,630,150,5.1,7.2
ORD-1184,NSE,RELIANCE,BUY,2550,15,4.2,5.8
ORD-1185,BSE,TCS,SELL,3420,10,3.5,8.2
ORD-1186,NSE,INFY,BUY,1450,20,5.1,6.4
ORD-1187,NSE,HDFCBANK,BUY,1620,12,3.2,4.5
ORD-1188,BSE,ICICIBANK,SELL,920,50,4.8,12.5
ORD-1189,NSE,SBIN,BUY,580,100,5.2,6.1
ORD-1190,BSE,WIPRO,SELL,410,15,4.1,10.2
ORD-1191,NSE,AXISBANK,BUY,940,25,3.3,5.1
ORD-1192,NSE,KOTAKBANK,BUY,1850,12,6.1,8.4
ORD-1193,BSE,LT,SELL,2300,8,4.2,11.5
ORD-1194,NSE,ITC,BUY,440,200,3.1,4.2
ORD-1195,NSE,HINDUNILVR,BUY,2650,6,5.4,7.1
ORD-1196,BSE,ASIANPAINT,SELL,3100,4,7.2,15.8
ORD-1197,NSE,M&M,BUY,1450,10,4.1,6.2
ORD-1198,BSE,BHARTIARTL,SELL,870,30,5.3,12.1
ORD-1199,NSE,TITAN,BUY,3050,5,6.1,9.4
ORD-1200,NSE,RELIANCE,BUY,2550,15,4.2,5.8
